label,color,backbone_mutation
GCCGGAAACACATCTT-1,C1,chr1_39034563_T_A
ACCAGGAGTGTGATCT-1,C1,chr1_39034563_T_A
AAGGAGAACTTATAAG-1,C1,chr1_39034563_T_A
AGCTTATAGAGACCTG-1,C1,chr1_39034563_T_A
AACTTTAGCTGCTGAG-1,C1,chr1_39034563_T_A
GGCATCAACGAGCACG-1,C1,chr1_39034563_T_A
TTATAGATGCACATTA-1,C1,chr1_39034563_T_A
GAACCATCTGGGAGAC-1,C1,chr1_39034563_T_A
TGCTATACAAACGGAC-1,C1,chr1_39034563_T_A
ACTTGCCATATTGTAC-1,C1,chr1_39034563_T_A
TATTCCGGCAGTCCTA-1,C1,chr1_39034563_T_A
GACGGACCGCGTTCCT-1,C1,chr1_39034563_T_A
ATGTGTAGTTTAGTCA-1,C1,chr1_39034563_T_A
ATACCAGCAAATTGCT-1,C1,chr1_39034563_T_A
TGGCGGTGTGCGATTG-1,C1,chr1_39034563_T_A
ATCCTGCTGCAGATAG-1,C1,chr1_39034563_T_A
TTATGCGTCCCGGTCC-1,C1,chr1_39034563_T_A
CATAATGAGCGGGCGA-1,C1,chr1_39034563_T_A
AGACATAGATCCTTCC-1,C1,chr1_39034563_T_A
GTAGCGCTGTTGTAGT-1,C1,chr1_39034563_T_A
GGATCAAAGGACGAGG-1,C1,chr1_39034563_T_A
CAAGTGAACTTTGGTT-1,C1,chr1_39034563_T_A
ACAGATTAGGTTAGTG-1,C1,chr1_39034563_T_A
CCGAGGGATGTTAGGC-1,C1,chr1_39034563_T_A
GGTGATTTCATCTTGT-1,C1,chr1_39034563_T_A
CACCCTTTCCTCGCTC-1,C1,chr1_39034563_T_A
AATATCAAGGTCGGAT-1,C1,chr1_39034563_T_A
GGATACTCATGAATTG-1,C1,chr1_39034563_T_A
TGGGCACAAACAGAAC-1,C1,chr1_39034563_T_A
TCGATAGGCTAGTCGC-1,C1,chr1_39034563_T_A
TAACCGCCCGCAGTGC-1,C1,chr1_39034563_T_A
GTGAAACGTGCTCCAC-1,C1,chr1_39034563_T_A
CGAGTGCTATAGTTCG-1,C1,chr1_39034563_T_A
GTACTGCATGAAGCGT-1,C1,chr1_39034563_T_A
GTAACTTGCGGCAGTC-1,C1,chr1_39034563_T_A
GAATCGCCGGACACGG-1,C1,chr1_39034563_T_A
GGGAGTAATGGCTGGC-1,C1,chr1_39034563_T_A
CATGAACCGACATTTG-1,C1,chr1_39034563_T_A
TAAAGAGCCCGAAACC-1,C1,chr1_39034563_T_A
GTACTGAGGTCGTAAC-1,C1,chr1_39034563_T_A
CTTAACTTCGAAGTAC-1,C1,chr1_39034563_T_A
TTATCCAATCGAACTC-1,C1,chr1_39034563_T_A
CATACAAAGCCGAACC-1,C1,chr1_39034563_T_A
GGTCGGTAATTAGACA-1,C1,chr1_39034563_T_A
AGCGGGAAGGGTCCAT-1,C1,chr1_39034563_T_A
GCCCACCAAGGCTGTC-1,C1,chr1_39034563_T_A
GTAGACGTCGTTACAT-1,C1,chr1_39034563_T_A
GAGCATCATCCCTGGG-1,C1,chr1_39034563_T_A
GGTTTGAGTGCTGGAA-1,C1,chr1_39034563_T_A
GCACTAGTCGCGCTAT-1,C1,chr1_39034563_T_A
CTCTGCGAAGCAAGCA-1,C1,chr1_39034563_T_A
ACGGAATTTAGCAAAT-1,C1,chr1_39034563_T_A
ATGTTACGAGCAATAC-1,C1,chr1_39034563_T_A
AACCATGGGATCGCTA-1,C1,chr1_39034563_T_A
TCGCATCCCTAAGTGT-1,C1,chr1_39034563_T_A
ACTTAGTACGACAAGA-1,C1,chr1_39034563_T_A
GAGCTCTCGGACCTAA-1,C1,chr1_39034563_T_A
TCTATTACGCTGGCGA-1,C1,chr1_39034563_T_A
CGCTATACCGCCCACT-1,C1,chr1_39034563_T_A
CCATCCATACCAAGTC-1,C1,chr1_39034563_T_A
CTGCACCTGGAACCGC-1,C1,chr1_39034563_T_A
CCAATCGGTAGATCGA-1,C1,chr1_39034563_T_A
CACCTAATAGAGTCGT-1,C1,chr1_39034563_T_A
CATTTCTAGCAGACTA-1,C1,chr1_39034563_T_A
AGTCAGCCACCGCCTG-1,C1,chr1_39034563_T_A
TCATCACTCGAGCTCG-1,C1,chr1_39034563_T_A
CTCAGGACTCACCTGT-1,C1,chr1_39034563_T_A
CCTACGGCTCAGTCGA-1,C1,chr1_39034563_T_A
GTACTTGGGCACTTCT-1,C1,chr1_39034563_T_A
TGATTTCCTCCTGACG-1,C1,chr1_39034563_T_A
TTGAACGAATCCTTTG-1,C1,chr1_39034563_T_A
CCCGCGCAATGCACCC-1,C1,chr1_39034563_T_A
TTCGGCTAGAGATGGT-1,C1,chr1_39034563_T_A
GACACGAGTTAGAGGA-1,C1,chr1_39034563_T_A
GAGGTCCCAAAGATCT-1,C1,chr1_39034563_T_A
ATAATAGTGTAGGGAC-1,C1,chr1_39034563_T_A
CGCTATTCAATGTATG-1,C1,chr1_39034563_T_A
ATATTGCTGTCAAAGT-1,C1,chr1_39034563_T_A
CAACGGTTCTTGATAC-1,C1,chr1_39034563_T_A
TCTATCATGCAGTTAC-1,C1,chr1_39034563_T_A
GAATGCCGAAATGACC-1,C1,chr1_39034563_T_A
TAGTGTCAGAAACGGC-1,C1,chr1_39034563_T_A
CGTCATACCATATCCA-1,C1,chr1_39034563_T_A
TAGTACCTTAGTGGTC-1,C1,chr1_39034563_T_A
CTGGCGGGAATAAGTA-1,C1,chr1_39034563_T_A
AGTGTGGTCTATTGTG-1,C1,chr1_39034563_T_A
GCTATCGCGGCGCAAC-1,C1,chr1_39034563_T_A
TCTGAACCGGTCGGCT-1,C1,chr1_39034563_T_A
ATAGGGATATCCTTGA-1,C1,chr1_39034563_T_A
GCAGATCCTCGCAAAT-1,C1,chr1_39034563_T_A
GGGTCATGCGTACCAT-1,C1,chr1_39034563_T_A
CTGGTCATTCCAATCC-1,C1,chr1_39034563_T_A
TCAGGGCGCAAACTCG-1,C1,chr1_39034563_T_A
GATGCCAGCAGAAGGC-1,C1,chr1_39034563_T_A
AATACAATGTTTCAGG-1,C1,chr1_39034563_T_A
CCGAAGTATATTGTTC-1,C1,chr1_39034563_T_A
GCCCAGTTGGTATGCC-1,C1,chr1_39034563_T_A
TCGTCCGCTGGCGTCT-1,C1,chr1_39034563_T_A
CTTAAATAAGACCCAT-1,C1,chr1_39034563_T_A
GTGAGTCTAAGACGGA-1,C1,chr1_39034563_T_A
CGCGACACTGCGCAGC-1,C1,chr1_39034563_T_A
GCTCGCGGTTCCGCTC-1,C1,chr1_39034563_T_A
TTAACTCACGCGTGGA-1,C1,chr1_39034563_T_A
GGAACGGCCTGCAGCC-1,C1,chr1_39034563_T_A
GTAGAAACGGGTGGAG-1,C1,chr1_39034563_T_A
TTAACACCTCGAACAT-1,C1,chr1_39034563_T_A
TTCAGTTTGTGGCAGC-1,C1,chr1_39034563_T_A
TGTTCATAAATGTGCT-1,C1,chr1_39034563_T_A
CTTAGCCCGGATAGTG-1,C1,chr1_39034563_T_A
GATGCGAATGGTATTA-1,C1,chr1_39034563_T_A
TTAAACCTGGTTCCTT-1,C1,chr1_39034563_T_A
TTATCGCCTGCGAAGC-1,C1,chr1_39034563_T_A
TAATAGTGACGACCAG-1,C1,chr1_39034563_T_A
GGGAATTCTGTCCAGT-1,C1,chr1_39034563_T_A
ACGCGTTTCTTAAGAG-1,C1,chr1_39034563_T_A
GAGAGCGCAGTCCCTG-1,C1,chr1_39034563_T_A
GTCCTATTGTTGTGGT-1,C1,chr1_39034563_T_A
CATCTGCAGGATCATT-1,C1,chr1_39034563_T_A
TCAATACAATTGCTGC-1,C1,chr1_39034563_T_A
GCAACCCAAGTTGTTT-1,C1,chr1_39034563_T_A
ATGAAGTGGACCCAGC-1,C1,chr1_39034563_T_A
GAGAATCTCACGATCA-1,C1,chr1_39034563_T_A
TATATCATTGATCAGT-1,C1,chr1_39034563_T_A
AACTTTACGGGAGCTT-1,C1,chr1_39034563_T_A
TCCTCTCCAGTTGTCC-1,C1,chr1_39034563_T_A
TAGAAAGGTGGCGCTA-1,C1,chr1_39034563_T_A
CCATACTCGCCTCTCC-1,C1,chr1_39034563_T_A
CTCACCAGTACAAGTG-1,C1,chr1_39034563_T_A
CGAAGACGGTGAGTGC-1,C1,chr1_39034563_T_A
AAATTAATAAGCGCGA-1,C1,chr1_39034563_T_A
CTGCCCACGAAGCGTT-1,C1,chr1_39034563_T_A
ATGGCAGCCGAGAAAC-1,C1,chr1_39034563_T_A
GGCGGAGTAATATTAG-1,C1,chr1_39034563_T_A
GGTATGAAAGAACTGA-1,C1,chr1_39034563_T_A
GTGGCCTAATATCATT-1,C1,chr1_39034563_T_A
CCTGTGAAACCGTAAC-1,C1,chr1_39034563_T_A
GGCAGAGAGATCGGGA-1,C1,chr1_39034563_T_A
AAACGAGACGGTTGAT-1,C1,chr1_39034563_T_A
CAAACCAGGTCTGCAT-1,C1,chr1_39034563_T_A
TTAACGTTAAAGCCTG-1,C1,chr1_39034563_T_A
ATTAGGCGATGCTTTC-1,C1,chr1_39034563_T_A
TGACATATATGACGAT-1,C1,chr1_39034563_T_A
AAGAGGATGTACGCGA-1,C1,chr1_39034563_T_A
TGGTAAGCAGGATTGA-1,C1,chr1_39034563_T_A
CGTGAAGTTAATTCAC-1,C1,chr1_39034563_T_A
TTCTTGCTAGCATCTC-1,C1,chr1_39034563_T_A
CTCAGATTGTGATAAG-1,C1,chr1_39034563_T_A
TGACGAATATTTCCCT-1,C1,chr1_39034563_T_A
CCGCTATCAGCACCAG-1,C1,chr1_39034563_T_A
TGCGAGAATATTACCC-1,C1,chr1_39034563_T_A
CCCAGTAAACTTGGGA-1,C1,chr1_39034563_T_A
TACGCCTCCATTCCGA-1,C1,chr1_39034563_T_A
GGACCTCTAGGCCGCC-1,C1,chr1_39034563_T_A
CCACTGTTTGGATTAA-1,C1,chr1_39034563_T_A
GGGAAGACGGTCTGTC-1,C1,chr1_39034563_T_A
TGGCAAGCACAAGTCG-1,C1,chr1_39034563_T_A
GAGAACGGTTCTGACT-1,C1,chr1_39034563_T_A
CTGGGATCGCCCAGAT-1,C1,chr1_39034563_T_A
CATTATAACAGGGTCC-1,C1,chr1_39034563_T_A
GTCTCGCCAACACGCC-1,C1,chr1_39034563_T_A
AGCTTCAATACTTTGA-1,C1,chr1_39034563_T_A
AACCTAAAGCCGTCCG-1,C1,chr1_39034563_T_A
GCGTGTATGTCGTATT-1,C1,chr1_39034563_T_A
CAGCCCTCACAGGCAG-1,C1,chr1_39034563_T_A
ACCAAACTAGAAATCC-1,C1,chr1_39034563_T_A
TTACTGTTTCTCTACG-1,C1,chr1_39034563_T_A
GACCAGGTCATTCATA-1,C1,chr1_39034563_T_A
ATGCATTCCGTGATGG-1,C1,chr1_39034563_T_A
TATACTCATGCGGCAA-1,C1,chr1_39034563_T_A
GTTATTAACGTGGGAG-1,C1,chr1_39034563_T_A
TTGCTGCACCTATCCA-1,C1,chr1_39034563_T_A
AATGATGATACGCTAT-1,C1,chr1_39034563_T_A
GTTTCCTGGAGGGTGA-1,C1,chr1_39034563_T_A
GGTGATGAAGGAAGTG-1,C1,chr1_39034563_T_A
ACGATACCTATCCTGA-1,C1,chr1_39034563_T_A
CACTGACGATTGTGGA-1,C1,chr1_39034563_T_A
TCGGAATGACCATCAA-1,C1,chr1_39034563_T_A
TATGAAGACAGGTGCG-1,C1,chr1_39034563_T_A
TTCTGCGAGCGCCCTT-1,C1,chr1_39034563_T_A
TACATCCCTATCCCTG-1,C1,chr1_39034563_T_A
CCCACTCCACGGTATC-1,C1,chr1_39034563_T_A
CCCGGGTCGTTCAGGG-1,C1,chr1_39034563_T_A
CAACAGTGCCAAACGG-1,C1,chr1_39034563_T_A
CGTCAGTTTATCGTCT-1,C1,chr1_39034563_T_A
CGCGTCATATTAAACC-1,C1,chr1_39034563_T_A
ATCGTATTCCGAGAAC-1,C1,chr1_39034563_T_A
ACATCAGCTGGGACGC-1,C1,chr1_39034563_T_A
TGTTCTTCCATTGACT-1,C1,chr1_39034563_T_A
CCCTCGGGAGCCTTGT-1,C1,chr1_39034563_T_A
GTACTCCCTTATCGCT-1,C1,chr1_39034563_T_A
AGTTTGGCCAGACCTA-1,C1,chr1_39034563_T_A
ACAATCGATCTTTATA-1,C1,chr1_39034563_T_A
AGACGGGATTGGTATA-1,C1,chr1_39034563_T_A
TATCACAGCACGGGCA-1,C1,chr1_39034563_T_A
GACTGCGGCACGTGTA-1,C1,chr1_39034563_T_A
AAAGACTGGGCGCTTT-1,C1,chr1_39034563_T_A
TTCAGGCGTCAAAGCC-1,C1,chr1_39034563_T_A
GAATTTCTCGCTGCAG-1,C1,chr1_39034563_T_A
TGTGTCGCGAGTTGCA-1,C1,chr1_39034563_T_A
AGTGGTTGCGTATAGG-1,C1,chr1_39034563_T_A
GAGCCGAGCGTTTATT-1,C1,chr1_39034563_T_A
CATCTATCCCGTGTCT-1,C1,chr1_39034563_T_A
AGCATCGTCGATAATT-1,C1,chr1_39034563_T_A
CACGCACAGCGCAGCT-1,C1,chr1_39034563_T_A
GACGTGTAGGGATTAT-1,C1,chr1_39034563_T_A
TAAGGCTGAATCCCTC-1,C2,chr17_49861923_C_T
CCGGCACGACCGTTTC-1,C2,chr17_49861923_C_T
AAATTCCAGGTCCAAA-1,C2,chr17_49861923_C_T
GACAGCCAGACCTGAC-1,C2,chr17_49861923_C_T
AAGTGCCTTGACTGTA-1,C2,chr17_49861923_C_T
ACCTCCGTTATTCACC-1,C2,chr17_49861923_C_T
TGGTTTAAACGTGGGT-1,C2,chr17_49861923_C_T
AAATAAGGTAGTGCCC-1,C2,chr17_49861923_C_T
GCTTACGTAGTTAGTA-1,C2,chr17_49861923_C_T
ATTATAGCTACTTTAC-1,C2,chr17_49861923_C_T
CACCTCGATGGTGGAC-1,C2,chr17_49861923_C_T
GAATAGCCCTGCGGTC-1,C2,chr17_49861923_C_T
ACGTTCGCAATCAATT-1,C2,chr17_49861923_C_T
CGACAATTTGATCTAA-1,C2,chr17_49861923_C_T
TTGAGCAGCCCACGGT-1,C2,chr17_49861923_C_T
GGGTGCATATGAAAGC-1,C2,chr17_49861923_C_T
TCAACCATGTTCGGGC-1,C2,chr17_49861923_C_T
GCTCGCTCATGTCCAA-1,C2,chr17_49861923_C_T
TATGGTTAGTGGGAGA-1,C2,chr17_49861923_C_T
AGGACAGTCGAATCCC-1,C2,chr17_49861923_C_T
CTAGTTGGGCCCGGTA-1,C2,chr17_49861923_C_T
AGCCCTAAGCGAAGTT-1,C2,chr17_49861923_C_T
AGTGCTTGCACGAATA-1,C2,chr17_49861923_C_T
ACTAATACGTCAGGCG-1,C2,chr17_49861923_C_T
TCAGAACCTCCACAGG-1,C2,chr17_49861923_C_T
TCCGAATGGTCCTGAG-1,C2,chr17_49861923_C_T
ATGTAAGGCTGCTCTT-1,C2,chr17_49861923_C_T
GTGAGGACACTTAAGG-1,C2,chr17_49861923_C_T
TGAGAGATTTACCACG-1,C2,chr17_49861923_C_T
CTGGTAACACATAGAA-1,C2,chr17_49861923_C_T
TGTATGGCGCAGACAG-1,C2,chr17_49861923_C_T
AAAGTTGACTCCCGTA-1,C2,chr17_49861923_C_T
TCTTAGAGTGAACTCT-1,C2,chr17_49861923_C_T
TCCGCTGTCATCCCGG-1,C2,chr17_49861923_C_T
AGACGAAGTGCCGGTC-1,C2,chr17_49861923_C_T
ACCAACGCTTATTTAT-1,C2,chr17_49861923_C_T
AGTACTCTTATGCCCA-1,C2,chr17_49861923_C_T
AATAGCTACCGCGTGC-1,C2,chr17_49861923_C_T
GTATGTGGGTCTAGTT-1,C2,chr17_49861923_C_T
ATTTACTAAGTCCATT-1,C2,chr17_49861923_C_T
GTGGAACCTACATGCG-1,C2,chr17_49861923_C_T
CAAGGTCCTATAGGCT-1,C2,chr17_49861923_C_T
TTCTTAGTGGCTCAGA-1,C2,chr17_49861923_C_T
ACTATTCGTCCGTGGT-1,C2,chr17_49861923_C_T
ATCTCCCTGCAATCTA-1,C2,chr17_49861923_C_T
TACTTGTTAGTAGTCC-1,C2,chr17_49861923_C_T
GTTCGGATCGGGAACA-1,C2,chr17_49861923_C_T
CCTAAAGGCTGACGCT-1,C2,chr17_49861923_C_T
AGGACGACCCATTAGA-1,C2,chr17_49861923_C_T
CTCTCTAACTGCCTAG-1,C3,chr22_22901226_C_G
TATTATGTTTGCCTGC-1,C3,chr22_22901226_C_G
TTGGAAGAATACAGTC-1,C3,chr22_22901226_C_G
GAAGACTTCAATGCCG-1,C3,chr22_22901226_C_G
CTGGCATCCGAATGAG-1,C3,chr22_22901226_C_G
GCATTCGAAATGAACA-1,C3,chr22_22901226_C_G
TGATTCGTCTATCACT-1,C3,chr22_22901226_C_G
ACACGGCACTATGCAT-1,C3,chr22_22901226_C_G
TCCCTGGCTCGCTGGA-1,C3,chr22_22901226_C_G
CTACTATCATAGGTTT-1,C3,chr22_22901226_C_G
AAGACTGCAAGCTACT-1,C3,chr22_22901226_C_G
CAGATCCTGGTTTGAA-1,C3,chr22_22901226_C_G
CTCGGTTGTCGGCCCT-1,C3,chr22_22901226_C_G
GAGTCGACAGACCCTC-1,C3,chr22_22901226_C_G
AGGCTATGGTTAGCTT-1,C3,chr22_22901226_C_G
TGTCCTAAGTCACCGC-1,C3,chr22_22901226_C_G
GTCAAAGAAGTGGTGT-1,C3,chr22_22901226_C_G
CATATGTCAGGCTACG-1,C3,chr22_22901226_C_G
CGCAATTCTACAATAA-1,C3,chr22_22901226_C_G
TCGACAACTGAACCCG-1,C3,chr22_22901226_C_G
CAGGCCAGTACCACCT-1,C3,chr22_22901226_C_G
GTTAGGCTACCCGTTT-1,C3,chr22_22901226_C_G
AATAACAACGCTCGGC-1,C3,chr22_22901226_C_G
TTATCCTCAAGGAATA-1,C3,chr22_22901226_C_G
GCCATTAGCCTCAAAC-1,C3,chr22_22901226_C_G
CGCGCAAATGTCCAGA-1,C3,chr22_22901226_C_G
CAGGCGCACGGTGGTC-1,C3,chr22_22901226_C_G
GGGTATTCTAGCAAAC-1,C3,chr22_22901226_C_G
GAAAGTGACTAACTGC-1,C3,chr22_22901226_C_G
GGCTCGTGCCACCAGC-1,C3,chr22_22901226_C_G
CGATCTGTTGGAGGAC-1,C3,chr22_22901226_C_G
TTAGTAGGGCGGCGGG-1,C3,chr22_22901226_C_G
GCTAAGTAAAGGCGAT-1,C3,chr22_22901226_C_G
CGAACGCCCAGTGCCG-1,C3,chr22_22901226_C_G
GTAGAGGGAGACAAGT-1,C3,chr22_22901226_C_G
TCGGTCCCGACAATAG-1,C3,chr22_22901226_C_G
CCCGGTGTATCGGAAT-1,C3,chr22_22901226_C_G
AAATAGCTTAGACTTT-1,C3,chr22_22901226_C_G
ACGGGAGTGTCGGCCC-1,C3,chr22_22901226_C_G
AACACGAGACGCGGCC-1,C3,chr22_22901226_C_G
AGAAGTGATTCGTGAT-1,C3,chr22_22901226_C_G
AGCATCATTTCGAAAG-1,C3,chr22_22901226_C_G
GTATCTCGGGCGCTTT-1,C3,chr22_22901226_C_G
AGCCGTGGCTAAATGT-1,C3,chr22_22901226_C_G
GAAGCTCGGACCCGTC-1,C3,chr22_22901226_C_G
AAGAGATGAATCGGTA-1,C3,chr22_22901226_C_G
AATGTGCCCGAGGTGT-1,C3,chr22_22901226_C_G
CAGTGTTAATCTCTCA-1,C3,chr22_22901226_C_G
GGGTATGTATGCACTT-1,C3,chr22_22901226_C_G
ATGTGAAAGCCTAATG-1,C3,chr22_22901226_C_G
AAGTGCGTTAGAATCT-1,C3,chr22_22901226_C_G
CTTCAGTGGTCGCCTA-1,C3,chr22_22901226_C_G
CCGACGGGCATGAGGT-1,C3,chr22_22901226_C_G
GGTAACCGGGAGGATA-1,C3,chr22_22901226_C_G
CCGATTCGAGGGACCC-1,C3,chr22_22901226_C_G
CCATTCCCTGCCCACA-1,C3,chr22_22901226_C_G
TCTAATACTGCCTCAG-1,C3,chr22_22901226_C_G
TCCCGTCAGTCCCGCA-1,C3,chr22_22901226_C_G
CCACGGAGCCATAAGA-1,C3,chr22_22901226_C_G
GCCCTAGCCGTCGCGA-1,C3,chr22_22901226_C_G
AGGCGGTTTGTCCCGC-1,C3,chr22_22901226_C_G
AGCAACCGAAAGTAAT-1,C3,chr22_22901226_C_G
CCAGCTGATGGTACTT-1,C3,chr22_22901226_C_G
TCGGAGAGTATCGGGA-1,C3,chr22_22901226_C_G
GTGGCAAACAGCGGCA-1,C3,chr22_22901226_C_G
CGACTCAGGATGTTAT-1,C3,chr22_22901226_C_G
CACCGTTAGGGATCAC-1,C3,chr22_22901226_C_G
CCCTGCGCTACGCATA-1,C3,chr22_22901226_C_G
AGTGGCTCCGTCGGCC-1,C3,chr22_22901226_C_G
AATGACAGCAATGTCT-1,C3,chr22_22901226_C_G
GGACCAACAGGATAAC-1,C3,chr22_22901226_C_G
CCTCTATCGATTAGCA-1,C3,chr22_22901226_C_G
GGGCAACCGCACGTGC-1,C3,chr22_22901226_C_G
GTGGAGCGTTTACCGA-1,C3,chr22_22901226_C_G
AGTATGCTGGAGACCA-1,C3,chr22_22901226_C_G
TTACCATTGATTACCC-1,C3,chr22_22901226_C_G
CCACTGGTGGCTGGTT-1,C3,chr22_22901226_C_G
AGGCCCTAGAACGCCA-1,C3,chr22_22901226_C_G
CCGCTTACCTCACTCT-1,C3,chr22_22901226_C_G
GTCTGGGCGGTCGAGA-1,C3,chr22_22901226_C_G
TACCTTAAGATTTCCC-1,C3,chr22_22901226_C_G
GATGTAACGAACCACC-1,C3,chr22_22901226_C_G
TAACATACACGCGATC-1,C3,chr22_22901226_C_G
TGCCAATGGGTACTCT-1,C3,chr22_22901226_C_G
ACGAGGTTTACAACGT-1,C3,chr22_22901226_C_G
AACCCATCCCATGATC-1,C3,chr22_22901226_C_G
TGGACGCAATCCAGCC-1,C3,chr22_22901226_C_G
GTATCTCAGTCTTGAC-1,C3,chr22_22901226_C_G
AGTTAAGTCAACCGCT-1,C3,chr22_22901226_C_G
GGGACAGAGTTACTCC-1,C3,chr22_22901226_C_G
CTCCCTCCTTTCGATC-1,C3,chr22_22901226_C_G
AAAGTAGCATTGCTCA-1,C3,chr22_22901226_C_G
AAACTTGCAAACGTAT-1,C3,chr22_22901226_C_G
ACAATCCATTTAAACC-1,C3,chr22_22901226_C_G
CTGAAAGAGATCCGAC-1,C3,chr22_22901226_C_G
GGTGAGATGCAGATAA-1,C3,chr22_22901226_C_G
TATCTTGCAATACAAC-1,C3,chr22_22901226_C_G
